Repo Name,Organization,Cluster
algorand-sdk-testing,Algorand,Algorand SDKs and Tools
go-algorand,Algorand,Algorand SDKs and Tools
go-algorand-sdk,Algorand,Algorand SDKs and Tools
java-algorand-sdk,Algorand,Algorand SDKs and Tools
js-algorand-sdk,Algorand,Algorand SDKs and Tools
py-algorand-sdk,Algorand,Algorand SDKs and Tools
smart-contracts,Algorand,Algorand SDKs and Tools
stateful-teal-auction-demo,Algorand,Algorand SDKs and Tools
avm-abi,Algorand,Protocol Implementations
avm-debugger,Algorand,Protocol Implementations
bls_sigs_ref,Algorand,Protocol Implementations
conduit,Algorand,Protocol Implementations
falcon,Algorand,Protocol Implementations
go-algorand-backport-3-12-3,Algorand,Protocol Implementations
go-fuzz,Algorand,Protocol Implementations
auction-demo,Algorand,Teal and Smart Contract Development
dilithium,Algorand,Teal and Smart Contract Development
go-sumhash,Algorand,Teal and Smart Contract Development
pyteal,Algorand,Teal and Smart Contract Development
stateful-teal-auction-demo,Algorand,Teal and Smart Contract Development
tealviewer,Algorand,Teal and Smart Contract Development
teal-sign-demo,Algorand,Teal and Smart Contract Development
ff-zeroize,Algorand,Messaging and Serialization
generator,Algorand,Messaging and Serialization
messagepack-debugger,Algorand,Messaging and Serialization
msgpack,Algorand,Messaging and Serialization
msgpack-lite,Algorand,Messaging and Serialization
msgpackdiff,Algorand,Messaging and Serialization
msgpack-javascript,Algorand,Messaging and Serialization
aardvark-prototype,Algorand,Verification and Testing
DerivhackExamples,Algorand,Verification and Testing
graviton,Algorand,Verification and Testing
pairing-plus,Algorand,Verification and Testing
symteal,Algorand,Verification and Testing
vrf,Algorand,Verification and Testing
app-service,Algorand,Infrastructure and Automation
go-algorand-merge-queue-testing,Algorand,Infrastructure and Automation
mule,Algorand,Infrastructure and Automation
node_exporter,Algorand,Infrastructure and Automation
oapi-codegen,Algorand,Infrastructure and Automation
sandbox,Algorand,Infrastructure and Automation
walletconnect-automation,Algorand,Infrastructure and Automation
aiken-lucid-yaci-dev-kit-starter-kit,Cardano,Cardano Development Environment
cardano-connect-with-wallet,Cardano,Cardano Development Environment
developer-portal,Cardano,Cardano Development Environment
ledger-app-cardano,Cardano,Cardano Development Environment
ledgerjs-hw-app-cardano,Cardano,Cardano Development Environment
cf-cardano-ballot,Cardano,Cardano Governance and Voting
cf-discord-wallet-verification-bot,Cardano,Cardano Governance and Voting
cf-identity-wallet,Cardano,Cardano Governance and Voting
CIP-0094-polls,Cardano,Cardano Governance and Voting
hydra-voting-poc,Cardano,Cardano Governance and Voting
blockperf,Cardano,Cardano Infrastructure and Data Management
cardano-explorer-app,Cardano,Cardano Infrastructure and Data Management
cardano-graphql,Cardano,Cardano Infrastructure and Data Management
cardano-wallet,Cardano,Cardano Infrastructure and Data Management
cardano-wallet-client,Cardano,Cardano Infrastructure and Data Management
cardano-rosetta,Cardano,Cardano Infrastructure and Data Management
ambassadors-guild,Cardano,Cardano Foundation Projects
cardano-store-poc-hoodies,Cardano,Cardano Foundation Projects
cf-cip-frontend,Cardano,Cardano Foundation Projects
cf-georgian-wine-resolver,Cardano,Cardano Foundation Projects
cf-summit-evoting-status,Cardano,Cardano Foundation Projects
cf-cardano-conversions-java,Cardano,Cardano Java Development
cf-java-rewards-calculation,Cardano,Cardano Java Development
cf-ledger-sync,Cardano,Cardano Java Development
hydra-java,Cardano,Cardano Java Development
ledger-js-hw-app-cardano,Cardano,Cardano Java Development
cardano-org-header,Cardano,Cardano Documentation and Information
docs-cardano-org,Cardano,Cardano Documentation and Information
state-of-the-developer-ecosystem,Cardano,Cardano Documentation and Information
testnets-cardano-org,Cardano,Cardano Documentation and Information
dash,Dash,Dash Development and Tools
dash-abe,Dash,Dash Development and Tools
dash-dev-branches,Dash,Dash Development and Tools
dash-network-deploy,Dash,Dash Development and Tools
dash-wallet,Dash,Dash Development and Tools
dashcore-lib,Dash,Dash Libraries and SDKs
dashcore-node,Dash,Dash Libraries and SDKs
dashj,Dash,Dash Libraries and SDKs
dashj-bls,Dash,Dash Libraries and SDKs
dashj-merk,Dash,Dash Libraries and SDKs
dashsync-iOS,Dash,Dash Libraries and SDKs
.github,Dash,Development Infrastructure
buildkit-cache-dance,Dash,Development Infrastructure
docker-compose,Dash,Development Infrastructure
gitian-builder,Dash,Development Infrastructure
gitian.sigs,Dash,Development Infrastructure
android-dashpay,Dash,Mobile Development
android-dpp,Dash,Mobile Development
dapi-client-android,Dash,Mobile Development
dashcontrol-android,Dash,Mobile Development
dashwallet-ios,Dash,Mobile Development
electrum-dash,Dash,Blockchain Tools and Services
insight-api,Dash,Blockchain Tools and Services
masternode-diff-processor,Dash,Blockchain Tools and Services
sentinel,Dash,Blockchain Tools and Services
trezor-mcu,Dash,Blockchain Tools and Services
docs,Dash,Documentation and Tutorials
docs-core,Dash,Documentation and Tutorials
docs-platform,Dash,Documentation and Tutorials
platform-tutorials,Dash,Documentation and Tutorials
wp-dash-theme,Dash,Documentation and Tutorials
librustzcash,Zcash,Zcash Core Development
sapling-crypto,Zcash,Zcash Core Development
sapling-mpc,Zcash,Zcash Core Development
zcash,Zcash,Zcash Core Development
zcash-gitian,Zcash,Zcash Core Development
zcash-seeder,Zcash,Zcash Core Development
zcash_spec,Zcash,Zcash Core Development
gitian.sigs,Zcash,Zero-Knowledge Proofs
halo2,Zcash,Zero-Knowledge Proofs
libsnark,Zcash,Zero-Knowledge Proofs
mpc,Zcash,Zero-Knowledge Proofs
protocol.z.cash,Zcash,Zero-Knowledge Proofs
lightwalletd,Zcash,Wallet Development
zcash-android-wallet-plugins,Zcash,Wallet Development
zcash-android-wallet-poc,Zcash,Wallet Development
lcwg,Zcash,Zcash Community and Documentation
logos,Zcash,Zcash Community and Documentation
zcash-docs,Zcash,Zcash Community and Documentation
zcash-wordpress-theme,Zcash,Zcash Community and Documentation
zcash.github.io,Zcash,Zcash Community and Documentation
incrementalmerkletree,Zcash,Security and Protocol Analysis
pasta Generator and supporting evidence for security of elliptic curves,Zcash,Security and Protocol Analysis
sapling-security-analysis,Zcash,Security and Protocol Analysis
zip32,Zcash,Zcash Improvement Proposals
zips,Zcash,Zcash Improvement Proposals
account-viewer-v2,Stellar,Stellar Tooling and SDKs Cluster
anchor-transfer-utils,Stellar,Stellar Tooling and SDKs Cluster
crate-git-revision,Stellar,Stellar Tooling and SDKs Cluster
core-node-admin-panel,Stellar,Stellar Tooling and SDKs Cluster
docs-wallet,Stellar,Stellar Tooling and SDKs Cluster
dotnet-stellar-sdk,Stellar,Stellar Tooling and SDKs Cluster
frontend-helpers,Stellar,Stellar Tooling and SDKs Cluster
java-stellar-sdk,Stellar,Stellar Tooling and SDKs Cluster
js-soroban-client,Stellar,Stellar Tooling and SDKs Cluster
js-stellar-sdk,Stellar,Stellar Tooling and SDKs Cluster
libsodium,Stellar,Stellar Tooling and SDKs Cluster
recoverysigner-demo-client,Stellar,Stellar Tooling and SDKs Cluster
soroban-cli,Stellar,Stellar Tooling and SDKs Cluster
stellar-wallet,Stellar,Stellar Tooling and SDKs Cluster
stellar-xdr,Stellar,Stellar Tooling and SDKs Cluster
amm-reference-ui,Stellar,Blockchain Development Cluster
anchor-transfer-server-validator-ui,Stellar,Blockchain Development Cluster
awesome-stellar,Stellar,Blockchain Development Cluster
basic-payment-app,Stellar,Blockchain Development Cluster
create-stellar-token,Stellar,Blockchain Development Cluster
escape-bytes,Stellar,Blockchain Development Cluster
kelp,Stellar,Blockchain Development Cluster
scp-proofs,Stellar,Blockchain Development Cluster
starbridge,Stellar,Blockchain Development Cluster
stellar-protocol,Stellar,Blockchain Development Cluster
stellar-turrets,Stellar,Blockchain Development Cluster
stellar-disbursement-platform-backend,Stellar,Blockchain Development Cluster
stellar-disbursement-platform-frontend,Stellar,Blockchain Development Cluster
stellar-upgrade,Stellar,Blockchain Development Cluster
supercluster,Stellar,Blockchain Development Cluster
.github,Stellar,Developer Tools and Automation Cluster
actions,Stellar,Developer Tools and Automation Cluster
binaries,Stellar,Developer Tools and Automation Cluster
cargo-set-rust-version,Stellar,Developer Tools and Automation Cluster
golistcmp,Stellar,Developer Tools and Automation Cluster
helm-charts,Stellar,Developer Tools and Automation Cluster
integration-tests,Stellar,Developer Tools and Automation Cluster
mddiffcheck,Stellar,Developer Tools and Automation Cluster
quickstart,Stellar,Developer Tools and Automation Cluster
stellar-anchor-tests,Stellar,Developer Tools and Automation Cluster
stellar-core-prometheus-exporter,Stellar,Developer Tools and Automation Cluster
system-test,Stellar,Developer Tools and Automation Cluster
xdrgen,Stellar,Developer Tools and Automation Cluster
auth-required-tokens-manager,Stellar,Educational and Documentation Cluster
developers,Stellar,Educational and Documentation Cluster
hackathon-get-started,Stellar,Educational and Documentation Cluster
laboratory,Stellar,Educational and Documentation Cluster
new-docs,Stellar,Educational and Documentation Cluster
project-viewer,Stellar,Educational and Documentation Cluster
stellar-docs,Stellar,Educational and Documentation Cluster
stellar-tutorials,Stellar,Educational and Documentation Cluster
anchor-ux-guidelines,Stellar,Web Development and UI Cluster
bower-js-stellar-base,Stellar,Web Development and UI Cluster
bower-js-stellar-sdk,Stellar,Web Development and UI Cluster
js-stellar-base,Stellar,Web Development and UI Cluster
js-stellar-elements,Stellar,Web Development and UI Cluster
react-starter,Stellar,Web Development and UI Cluster
sep24-reference-ui,Stellar,Web Development and UI Cluster
solar-stellarorg,Stellar,Web Development and UI Cluster
stellar-design-system,Stellar,Web Development and UI Cluster
stellarterm,Stellar,Web Development and UI Cluster
convert-stellar-address,Stellar,Cryptographic and Security Libraries Cluster
bytes-lit,Stellar,Cryptographic and Security Libraries Cluster
medida,Stellar,Cryptographic and Security Libraries Cluster
sjcl-scrypt,Stellar,Cryptographic and Security Libraries Cluster
tracy,Stellar,Cryptographic and Security Libraries Cluster
tweetnacl-js,Stellar,Cryptographic and Security Libraries Cluster
wasmi,Stellar,Cryptographic and Security Libraries Cluster
xdrgen,Stellar,Cryptographic and Security Libraries Cluster
tezos,Tezos,Tezos Development Tools
fundraiser-tools,Tezos,Tezos Development Tools
opam-repository,Tezos,Tezos Development Tools
tezos-explorer,Tezos,Tezos Development Tools
tezos-mirror,Tezos,Tezos Development Tools
tezos-papers,Tezos,Tezos Development Tools
tezoscoq,Tezos,Tezos Development Tools
zarith-benchmark,Tezos,Tezos Development Tools
bips,Tezos,Blockchain Development
irmin,Tezos,Blockchain Development
optimal_stack,Tezos,Blockchain Development
opam-repository,Tezos,Tezos Code Projects
tezos,Tezos,Tezos Code Projects
tezos-explorer,Tezos,Tezos Code Projects
tezos-mirror,Tezos,Tezos Code Projects
tezoscoq,Tezos,Tezos Code Projects
solana,Solana,Solana Ecosystem Development
example-helloworld,Solana,Solana Ecosystem Development
serum-dex,Solana,Solana Ecosystem Development
metaplex,Solana,Solana Ecosystem Development
solana-program-library,Solana,Solana Ecosystem Development
clang,Solana,Rust Development Tools
clang-tools-extra,Solana,Rust Development Tools
llvm,Solana,Rust Development Tools
llvm-builder,Solana,Rust Development Tools
rbpf,Solana,Rust Development Tools
create-react-app-buildpack,Solana,Web Development Tools and Frameworks
gatsby-plugin-intl,Solana,Web Development Tools and Frameworks
heroku-buildpack-rust-wasm-pack,Solana,Web Development Tools and Frameworks
heroku-buildpack-static,Solana,Web Development Tools and Frameworks
qr-code-styling,Solana,Web Development Tools and Frameworks
dexterity,Solana,Decentralized Finance (DeFi) on Solana
governance-sdk,Solana,Decentralized Finance (DeFi) on Solana
mango-simulation,Solana,Decentralized Finance (DeFi) on Solana
perpetuals,Solana,Decentralized Finance (DeFi) on Solana
solana-tokens,Solana,Decentralized Finance (DeFi) on Solana
security-audits,Solana,Security and Audits
obsolete-spl-zk-token,Solana,Security and Audits
obsolete-dontuse-example-webwallet,Solana,Security and Audits
secure-wrap-token,Solana,Security and Audits
hashbrown,Solana,Security and Audits
cluster,Solana,Network Infrastructure and Testing
network_simulation,Solana,Network Infrastructure and Testing
k8s-cluster,Solana,Network Infrastructure and Testing
bench-tps-dos-test,Solana,Network Infrastructure and Testing
kurtosis-solana-testing,Solana,Network Infrastructure and Testing